datetime,price
2019-12-31,41.3
2020-01-01,41.62
2020-01-02,39.43
2020-01-03,42.23
2020-01-04,42.78
2020-01-05,43.3
2020-01-06,45.8
2020-01-07,46.3
2020-01-08,45.35
2020-01-09,44.74
2020-01-10,49.06
2020-01-11,49.3
2020-01-12,51.43
2020-01-13,49.6
2020-01-14,58.39
2020-01-15,58.16
2020-01-16,57.56
2020-01-17,61.02
2020-01-18,59.32
2020-01-19,57.6
2020-01-20,57.19
2020-01-21,57.57
2020-01-22,58.33
2020-01-23,54.52
2020-01-24,54.38
2020-01-25,53.25
2020-01-26,56.24
2020-01-27,58.55
2020-01-28,60.52
2020-01-29,59.8
2020-01-30,67.98
2020-01-31,68.0
2020-02-01,70.72
2020-02-02,69.93
2020-02-03,69.65
2020-02-04,68.07
2020-02-05,72.59
2020-02-06,73.6
2020-02-07,74.3
2020-02-08,76.56
2020-02-09,77.0
2020-02-10,74.02
2020-02-11,76.46
2020-02-12,81.17
2020-02-13,80.55
2020-02-14,83.14
2020-02-15,76.7
2020-02-16,74.67
2020-02-17,73.41
2020-02-18,77.25
2020-02-19,70.61
2020-02-20,69.4
2020-02-21,73.25
2020-02-22,74.79
2020-02-23,79.52
2020-02-24,75.59
2020-02-25,70.98
2020-02-26,60.53
2020-02-27,61.77
2020-02-28,59.89
2020-02-29,58.05
2020-03-01,57.7
2020-03-02,61.42
2020-03-03,61.01
2020-03-04,60.38
2020-03-05,62.06
2020-03-06,63.22
2020-03-07,60.46
2020-03-08,51.0
2020-03-09,50.39
2020-03-10,50.26
2020-03-11,48.53
2020-03-12,29.83
2020-03-13,37.52
2020-03-14,34.4
2020-03-15,36.38
2020-03-16,33.2
2020-03-17,34.07
2020-03-18,34.71
2020-03-19,38.9
2020-03-20,38.08
2020-03-21,38.32
2020-03-22,35.4
2020-03-23,38.94
2020-03-24,40.57
2020-03-25,39.17
2020-03-26,40.41
2020-03-27,38.04
2020-03-28,38.87
2020-03-29,37.11
2020-03-30,38.91
2020-03-31,39.08
2020-04-01,39.23
2020-04-02,39.86
2020-04-03,40.46
2020-04-04,40.71
2020-04-05,40.31
2020-04-06,45.04
2020-04-07,44.77
2020-04-08,46.55
2020-04-09,46.21
2020-04-10,42.25
2020-04-11,42.54
2020-04-12,42.0
2020-04-13,41.22
2020-04-14,41.22
2020-04-15,39.22
2020-04-16,42.53
2020-04-17,42.19
2020-04-18,44.14
2020-04-19,42.23
2020-04-20,40.21
2020-04-21,40.59
2020-04-22,41.8
2020-04-23,42.98
2020-04-24,44.53
2020-04-25,44.38
2020-04-26,44.52
2020-04-27,44.46
2020-04-28,45.69
2020-04-29,48.81
2020-04-30,46.33
2020-05-01,47.07
2020-05-02,49.2
2020-05-03,48.05
2020-05-04,46.96
2020-05-05,46.54
2020-05-06,44.94
2020-05-07,47.37
2020-05-08,47.69
2020-05-09,46.95
2020-05-10,42.06
2020-05-11,41.51
2020-05-12,42.18
2020-05-13,43.18
2020-05-14,43.98
2020-05-15,42.74
2020-05-16,43.25
2020-05-17,43.71
2020-05-18,45.32
2020-05-19,45.73
2020-05-20,44.25
2020-05-21,42.73
2020-05-22,44.23
2020-05-23,43.85
2020-05-24,42.08
2020-05-25,42.97
2020-05-26,42.27
2020-05-27,43.85
2020-05-28,44.77
2020-05-29,44.47
2020-05-30,47.72
2020-05-31,45.61
2020-06-01,48.25
2020-06-02,45.99
2020-06-03,47.16
2020-06-04,47.43
2020-06-05,46.83
2020-06-06,46.79
2020-06-07,46.63
2020-06-08,46.43
2020-06-09,45.87
2020-06-10,46.63
2020-06-11,43.22
2020-06-12,44.72
2020-06-13,45.08
2020-06-14,44.05
2020-06-15,43.73
2020-06-16,43.88
2020-06-17,44.07
2020-06-18,43.43
2020-06-19,42.89
2020-06-20,43.57
2020-06-21,43.0
2020-06-22,44.3
2020-06-23,44.18
2020-06-24,42.65
2020-06-25,42.35
2020-06-26,43.09
2020-06-27,41.06
2020-06-28,41.37
2020-06-29,41.87
2020-06-30,41.17
2020-07-01,41.77
2020-07-02,41.05
2020-07-03,41.14
2020-07-04,42.11
2020-07-05,41.58
2020-07-06,44.06
2020-07-07,43.39
2020-07-08,45.35
2020-07-09,44.33
2020-07-10,44.3
2020-07-11,44.69
2020-07-12,44.7
2020-07-13,43.92
2020-07-14,43.88
2020-07-15,43.33
2020-07-16,42.09
2020-07-17,41.9
2020-07-18,42.45
2020-07-19,42.64
2020-07-20,41.94
2020-07-21,43.77
2020-07-22,44.96
2020-07-23,44.94
2020-07-24,44.11
2020-07-25,49.16
2020-07-26,48.1
2020-07-27,53.28
2020-07-28,55.75
2020-07-29,55.16
2020-07-30,56.75
2020-07-31,58.13
2020-08-01,61.65
2020-08-02,56.77
2020-08-03,58.48
2020-08-04,57.61
2020-08-05,58.88
2020-08-06,59.03
2020-08-07,57.17
2020-08-08,58.46
2020-08-09,56.96
2020-08-10,58.27
2020-08-11,54.1
2020-08-12,54.52
2020-08-13,57.14
2020-08-14,56.78
2020-08-15,59.85
2020-08-16,63.87
2020-08-17,67.22
2020-08-18,65.4
2020-08-19,62.12
2020-08-20,62.8
2020-08-21,59.2
2020-08-22,60.21
2020-08-23,60.55
2020-08-24,62.02
2020-08-25,58.34
2020-08-26,58.1
2020-08-27,56.1
2020-08-28,57.38
2020-08-29,56.97
2020-08-30,62.89
2020-08-31,60.92
2020-09-01,62.69
2020-09-02,58.06
2020-09-03,47.28
2020-09-04,50.32
2020-09-05,47.83
2020-09-06,47.92
2020-09-07,48.84
2020-09-08,47.47
2020-09-09,47.82
2020-09-10,48.67
2020-09-11,48.96
2020-09-12,50.8
2020-09-13,48.15
2020-09-14,49.08
2020-09-15,48.31
2020-09-16,47.76
2020-09-17,48.85
2020-09-18,48.54
2020-09-19,48.52
2020-09-20,47.09
2020-09-21,43.16
2020-09-22,44.47
2020-09-23,42.96
2020-09-24,44.92
2020-09-25,46.02
2020-09-26,46.03
2020-09-27,46.05
2020-09-28,45.23
2020-09-29,45.69
2020-09-30,46.24
2020-10-01,46.25
2020-10-02,44.88
2020-10-03,45.51
2020-10-04,46.69
2020-10-05,46.34
2020-10-06,45.99
2020-10-07,46.55
2020-10-08,47.21
2020-10-09,47.78
2020-10-10,48.88
2020-10-11,50.48
2020-10-12,50.58
2020-10-13,49.89
2020-10-14,49.79
2020-10-15,49.53
2020-10-16,47.6
2020-10-17,46.93
2020-10-18,47.54
2020-10-19,47.99
2020-10-20,46.88
2020-10-21,52.98
2020-10-22,54.35
2020-10-23,55.42
2020-10-24,59.23
2020-10-25,58.84
2020-10-26,56.82
2020-10-27,57.91
2020-10-28,55.77
2020-10-29,54.87
2020-10-30,54.01
2020-10-31,55.72
2020-11-01,55.6
2020-11-02,53.8
2020-11-03,53.96
2020-11-04,54.67
2020-11-05,58.95
2020-11-06,63.2
2020-11-07,58.9
2020-11-08,61.02
2020-11-09,59.23
2020-11-10,57.93
2020-11-11,59.27
2020-11-12,60.72
2020-11-13,65.96
2020-11-14,63.85
2020-11-15,62.28
2020-11-16,73.84
2020-11-17,76.32
2020-11-18,73.42
2020-11-19,81.53
2020-11-20,82.53
2020-11-21,87.14
2020-11-22,82.87
2020-11-23,89.03
2020-11-24,89.25
2020-11-25,81.75
2020-11-26,71.0
2020-11-27,69.15
2020-11-28,72.7
2020-11-29,78.91
2020-11-30,87.65
2020-12-01,85.08
2020-12-02,88.9
2020-12-03,89.0
2020-12-04,79.52
2020-12-05,83.14
2020-12-06,83.55
2020-12-07,83.37
2020-12-08,76.76
2020-12-09,77.41
2020-12-10,74.7
2020-12-11,72.2
2020-12-12,76.67
2020-12-13,82.28
2020-12-14,82.35
2020-12-15,81.32
2020-12-16,92.94
2020-12-17,101.01
2020-12-18,109.34
2020-12-19,119.85
2020-12-20,114.58
2020-12-21,104.45
2020-12-22,114.32
2020-12-23,102.45
2020-12-24,111.13
2020-12-25,127.78
2020-12-26,129.61
2020-12-27,127.88
2020-12-28,129.83
2020-12-29,128.8
2020-12-30,130.05
2020-12-31,124.21
2021-01-01,126.24
2021-01-02,136.96
2021-01-03,161.24
2021-01-04,155.34
2021-01-05,158.43
2021-01-06,168.92
2021-01-07,169.35
2021-01-08,172.19
2021-01-09,177.26
2021-01-10,170.07
2021-01-11,138.87
2021-01-12,133.42
2021-01-13,147.38
2021-01-14,152.5
2021-01-15,143.65
2021-01-16,143.52
2021-01-17,142.8
2021-01-18,151.96
2021-01-19,151.86
2021-01-20,149.69
2021-01-21,129.72
2021-01-22,137.66
2021-01-23,137.67
2021-01-24,141.01
2021-01-25,137.07
2021-01-26,134.67
2021-01-27,122.44
2021-01-28,133.27
2021-01-29,134.65
2021-01-30,133.36
2021-01-31,129.36
2021-02-01,132.0
2021-02-02,141.98
2021-02-03,155.93
2021-02-04,145.07
2021-02-05,155.05
2021-02-06,155.57
2021-02-07,150.76
2021-02-08,167.28
2021-02-09,181.49
2021-02-10,181.56
2021-02-11,183.62
2021-02-12,196.69
2021-02-13,225.76
2021-02-14,213.49
2021-02-15,207.83
2021-02-16,210.26
2021-02-17,237.49
2021-02-18,226.59
2021-02-19,236.5
2021-02-20,226.65
2021-02-21,227.13
2021-02-22,208.32
2021-02-23,177.34
2021-02-24,181.43
2021-02-25,179.36
2021-02-26,170.25
2021-02-27,171.76
2021-02-28,165.22
2021-03-01,175.89
2021-03-02,179.08
2021-03-03,187.64
2021-03-04,180.67
2021-03-05,180.23
2021-03-06,182.85
2021-03-07,190.75
2021-03-08,191.85
2021-03-09,203.81
2021-03-10,200.29
2021-03-11,201.36
2021-03-12,220.84
2021-03-13,226.06
2021-03-14,213.94
2021-03-15,200.59
2021-03-16,201.6
2021-03-17,205.98
2021-03-18,199.7
2021-03-19,199.96
2021-03-20,200.17
2021-03-21,195.31
2021-03-22,185.67
2021-03-23,185.83
2021-03-24,176.05
2021-03-25,171.53
2021-03-26,183.45
2021-03-27,184.06
2021-03-28,184.24
2021-03-29,193.73
2021-03-30,195.74
2021-03-31,196.7
2021-04-01,202.86
2021-04-02,211.46
2021-04-03,195.23
2021-04-04,202.21
2021-04-05,221.48
2021-04-06,237.04
2021-04-07,219.05
2021-04-08,226.11
2021-04-09,221.12
2021-04-10,256.34
2021-04-11,252.31
2021-04-12,244.42
2021-04-13,267.59
2021-04-14,278.86
2021-04-15,285.63
2021-04-16,308.43
2021-04-17,300.86
2021-04-18,273.36
2021-04-19,261.38
2021-04-20,260.68
2021-04-21,257.69
2021-04-22,252.5
2021-04-23,241.31
2021-04-24,224.75
2021-04-25,223.88
2021-04-26,247.42
2021-04-27,259.77
2021-04-28,258.51
2021-04-29,255.31
2021-04-30,271.13
2021-05-01,276.78
2021-05-02,268.88
2021-05-03,294.87
2021-05-04,305.23
2021-05-05,356.04
2021-05-06,354.67
2021-05-07,344.89
2021-05-08,347.1
2021-05-09,387.8
2021-05-10,358.89
2021-05-11,377.6
2021-05-12,310.4
2021-05-13,317.95
2021-05-14,326.23
2021-05-15,300.3
2021-05-16,295.89
2021-05-17,281.53
2021-05-18,293.98
2021-05-19,185.93
2021-05-20,210.74
2021-05-21,179.97
2021-05-22,169.32
2021-05-23,142.39
2021-05-24,185.32
2021-05-25,183.76
2021-05-26,198.91
2021-05-27,194.32
2021-05-28,177.33
2021-05-29,164.01
2021-05-30,170.51
2021-05-31,187.97
2021-06-01,182.99
2021-06-02,187.14
2021-06-03,193.5
2021-06-04,178.44
2021-06-05,172.94
2021-06-06,176.41
2021-06-07,161.95
2021-06-08,160.63
2021-06-09,172.56
2021-06-10,168.16
2021-06-11,162.83
2021-06-12,161.8
2021-06-13,170.85
2021-06-14,179.89
2021-06-15,175.15
2021-06-16,166.57
2021-06-17,167.08
2021-06-18,156.34
2021-06-19,152.49
2021-06-20,154.88
2021-06-21,124.46
2021-06-22,119.64
2021-06-23,129.1
2021-06-24,134.58
2021-06-25,125.0
2021-06-26,126.89
2021-06-27,132.6
2021-06-28,137.69
2021-06-29,144.2
2021-06-30,144.26
2021-07-01,137.02
2021-07-02,136.85
2021-07-03,140.17
2021-07-04,144.95
2021-07-05,137.71
2021-07-06,138.87
2021-07-07,137.41
2021-07-08,132.15
2021-07-09,134.58
2021-07-10,133.99
2021-07-11,134.28
2021-07-12,133.38
2021-07-13,131.44
2021-07-14,131.07
2021-07-15,125.86
2021-07-16,120.65
2021-07-17,119.95
2021-07-18,119.17
2021-07-19,113.13
2021-07-20,107.29
2021-07-21,117.74
2021-07-22,120.67
2021-07-23,124.24
2021-07-24,125.99
2021-07-25,127.68
2021-07-26,131.06
2021-07-27,134.74
2021-07-28,140.42
2021-07-29,141.44
2021-07-30,145.51
2021-07-31,144.37
2021-08-01,140.31
2021-08-02,141.35
2021-08-03,138.49
2021-08-04,142.57
2021-08-05,143.53
2021-08-06,147.95
2021-08-07,155.92
2021-08-08,149.69
2021-08-09,166.31
2021-08-10,165.38
2021-08-11,170.6
2021-08-12,165.38
2021-08-13,183.31
2021-08-14,182.76
2021-08-15,184.6
2021-08-16,177.93
2021-08-17,168.61
2021-08-18,166.65
2021-08-19,175.59
2021-08-20,183.59
2021-08-21,179.63
2021-08-22,185.91
2021-08-23,187.01
2021-08-24,173.42
2021-08-25,177.75
2021-08-26,167.7
2021-08-27,176.2
2021-08-28,175.6
2021-08-29,174.3
2021-08-30,167.3
2021-08-31,171.5
2021-09-01,180.9
2021-09-02,183.3
2021-09-03,212.9
2021-09-04,211.9
2021-09-05,232.2
2021-09-06,219.4
2021-09-07,178.5
2021-09-08,179.7
2021-09-09,180.5
2021-09-10,174.1
2021-09-11,178.6
2021-09-12,183.0
2021-09-13,179.4
2021-09-14,183.1
2021-09-15,189.0
2021-09-16,185.2
2021-09-17,180.0
2021-09-18,181.4
2021-09-19,175.6
2021-09-20,157.2
2021-09-21,148.5
2021-09-22,161.4
2021-09-23,163.9
2021-09-24,152.1
2021-09-25,151.0
2021-09-26,150.7
2021-09-27,145.0
2021-09-28,140.6
2021-09-29,144.7
2021-09-30,153.3
2021-10-01,166.2
2021-10-02,168.9
2021-10-03,170.5
2021-10-04,167.5
2021-10-05,173.8
2021-10-06,178.5
2021-10-07,178.6
2021-10-08,175.9
2021-10-09,179.9
2021-10-10,174.8
2021-10-11,179.1
2021-10-12,172.6
2021-10-13,177.6
2021-10-14,181.3
2021-10-15,189.6
2021-10-16,186.0
2021-10-17,183.7
2021-10-18,185.6
2021-10-19,188.8
2021-10-20,207.3
2021-10-21,196.8
2021-10-22,191.0
2021-10-23,196.3
2021-10-24,190.4
2021-10-25,195.5
2021-10-26,197.6
2021-10-27,179.3
2021-10-28,189.8
2021-10-29,196.7
2021-10-30,190.2
2021-10-31,191.9
2021-11-01,197.6
2021-11-02,200.9
2021-11-03,207.3
2021-11-04,202.6
2021-11-05,198.9
2021-11-06,197.6
2021-11-07,202.0
2021-11-08,229.0
2021-11-09,262.0
2021-11-10,260.4
2021-11-11,262.3
2021-11-12,251.2
2021-11-13,257.7
2021-11-14,279.3
2021-11-15,263.0
2021-11-16,230.2
2021-11-17,229.6
2021-11-18,204.2
2021-11-19,217.9
2021-11-20,226.8
2021-11-21,221.1
2021-11-22,209.1
2021-11-23,216.2
2021-11-24,212.2
2021-11-25,222.9
2021-11-26,195.7
2021-11-27,195.1
2021-11-28,199.5
2021-11-29,205.5
2021-11-30,207.8
2021-12-01,208.8
2021-12-02,203.5
2021-12-03,188.0
2021-12-04,162.7
2021-12-05,156.3
2021-12-06,161.3
2021-12-07,161.8
2021-12-08,165.1
2021-12-09,151.3
2021-12-10,148.3
2021-12-11,158.0
2021-12-12,159.0
2021-12-13,144.6
2021-12-14,150.4
2021-12-15,153.6
2021-12-16,148.9
2021-12-17,144.1
2021-12-18,148.6
2021-12-19,153.2
2021-12-20,152.6
2021-12-21,154.7
2021-12-22,155.4
2021-12-23,163.6
2021-12-24,161.2
2021-12-25,157.8
2021-12-26,155.7
2021-12-27,155.9
2021-12-28,145.7
2021-12-29,145.5
2021-12-30,148.0
2021-12-31,146.3
2022-01-01,150.8
2022-01-02,151.2
2022-01-03,148.5
2022-01-04,146.5
2022-01-05,135.4
2022-01-06,135.9
2022-01-07,131.4
2022-01-08,129.4
2022-01-09,130.9
2022-01-10,126.5
2022-01-11,131.6
2022-01-12,141.9
2022-01-13,136.7
2022-01-14,144.7
2022-01-15,147.7
2022-01-16,146.4
2022-01-17,151.2
2022-01-18,141.5
2022-01-19,136.2
2022-01-20,129.7
2022-01-21,114.5
2022-01-22,108.4
2022-01-23,112.3
2022-01-24,109.5
2022-01-25,107.8
2022-01-26,106.9
2022-01-27,106.9
2022-01-28,109.4
2022-01-29,110.8
2022-01-30,108.6
2022-01-31,109.5
2022-02-01,115.0
2022-02-02,108.3
2022-02-03,111.0
2022-02-04,121.3
2022-02-05,121.7
2022-02-06,127.6
2022-02-07,137.4
2022-02-08,133.7
2022-02-09,140.1
2022-02-10,134.6
2022-02-11,125.6
2022-02-12,126.7
2022-02-13,125.6
2022-02-14,124.6
2022-02-15,131.5
2022-02-16,127.7
2022-02-17,116.3
2022-02-18,114.9
2022-02-19,115.5
2022-02-20,110.6
2022-02-21,102.8
2022-02-22,107.4
2022-02-23,105.4
2022-02-24,104.1
2022-02-25,109.2
2022-02-26,108.2
2022-02-27,102.9
2022-02-28,113.7
2022-03-01,112.5
2022-03-02,110.3
2022-03-03,111.7
2022-03-04,101.0
2022-03-05,104.9
2022-03-06,101.1
2022-03-07,98.4
2022-03-08,100.7
2022-03-09,106.9
2022-03-10,102.5
2022-03-11,104.6
2022-03-12,105.6
2022-03-13,101.7
2022-03-14,105.6
2022-03-15,106.8
2022-03-16,111.4
2022-03-17,110.2
2022-03-18,111.9
2022-03-19,116.8
2022-03-20,114.9
2022-03-21,116.0
2022-03-22,122.7
2022-03-23,122.4
2022-03-24,126.5
2022-03-25,123.9
2022-03-26,124.8
2022-03-27,129.7
2022-03-28,127.6
2022-03-29,130.1
2022-03-30,131.1
2022-03-31,123.8
2022-04-01,124.8
2022-04-02,124.8
2022-04-03,128.7
2022-04-04,124.8
2022-04-05,122.7
2022-04-06,111.7
2022-04-07,114.1
2022-04-08,110.7
2022-04-09,112.7
2022-04-10,110.3
2022-04-11,102.4
2022-04-12,104.8
2022-04-13,110.5
2022-04-14,107.3
2022-04-15,111.0
2022-04-16,114.3
2022-04-17,108.8
2022-04-18,111.3
2022-04-19,113.8
2022-04-20,111.9
2022-04-21,106.8
2022-04-22,105.4
2022-04-23,105.1
2022-04-24,104.6
2022-04-25,104.6
2022-04-26,98.6
2022-04-27,100.5
2022-04-28,103.3
2022-04-29,100.4
2022-04-30,95.8
2022-05-01,99.3
2022-05-02,100.7
2022-05-03,99.4
2022-05-04,106.3
2022-05-05,96.8
2022-05-06,96.7
2022-05-07,94.3
2022-05-08,93.9
2022-05-09,76.2
2022-05-10,80.2
2022-05-11,66.6
2022-05-12,64.5
2022-05-13,67.9
2022-05-14,68.9
2022-05-15,71.6
2022-05-16,67.3
2022-05-17,73.2
2022-05-18,66.0
2022-05-19,72.1
2022-05-20,68.6
2022-05-21,69.8
2022-05-22,71.7
2022-05-23,69.1
2022-05-24,70.2
2022-05-25,68.2
2022-05-26,63.5
2022-05-27,61.6
2022-05-28,63.0
2022-05-29,63.6
2022-05-30,69.1
2022-05-31,68.4
2022-06-01,62.7
2022-06-02,64.5
2022-06-03,62.6
2022-06-04,63.7
2022-06-05,63.2
2022-06-06,64.5
2022-06-07,63.8
2022-06-08,61.3
2022-06-09,60.3
2022-06-10,56.7
2022-06-11,52.2
2022-06-12,47.9
2022-06-13,43.5
2022-06-14,46.15
2022-06-15,50.65
2022-06-16,44.78
2022-06-17,47.6
2022-06-18,47.18
2022-06-19,54.29
2022-06-20,52.77
2022-06-21,53.52
2022-06-22,52.13
2022-06-23,55.74
2022-06-24,55.84
2022-06-25,58.88
2022-06-26,56.61
2022-06-27,55.86
2022-06-28,52.68
2022-06-29,53.68
2022-06-30,53.84
2022-07-01,51.19
2022-07-02,50.55
2022-07-03,50.95
2022-07-04,52.26
2022-07-05,49.7
2022-07-06,50.34
2022-07-07,52.15
2022-07-08,51.35
2022-07-09,54.09
2022-07-10,52.12
2022-07-11,48.71
2022-07-12,47.33
2022-07-13,49.56
2022-07-14,51.32
2022-07-15,51.78
2022-07-16,55.08
2022-07-17,55.76
2022-07-18,58.6
2022-07-19,57.9
2022-07-20,57.2
2022-07-21,58.02
2022-07-22,56.09
2022-07-23,56.32
2022-07-24,58.39
2022-07-25,54.0
2022-07-26,53.88
2022-07-27,59.01
2022-07-28,63.41
2022-07-29,60.65
2022-07-30,60.42
2022-07-31,59.74
2022-08-01,59.44
2022-08-02,58.05
2022-08-03,57.77
2022-08-04,59.65
2022-08-05,62.47
2022-08-06,60.83
2022-08-07,61.1
2022-08-08,62.61
2022-08-09,59.16
2022-08-10,61.59
2022-08-11,61.84
2022-08-12,62.88
2022-08-13,63.8
2022-08-14,63.14
2022-08-15,60.67
2022-08-16,61.33
2022-08-17,60.52
2022-08-18,60.02
2022-08-19,53.99
2022-08-20,54.1
2022-08-21,55.67
2022-08-22,57.22
2022-08-23,57.08
2022-08-24,56.46
2022-08-25,56.63
2022-08-26,52.68
2022-08-27,53.01
2022-08-28,53.41
2022-08-29,55.8
2022-08-30,53.01
2022-08-31,53.84
2022-09-01,57.58
2022-09-02,60.99
2022-09-03,60.15
2022-09-04,60.9
2022-09-05,60.39
2022-09-06,54.11
2022-09-07,57.31
2022-09-08,57.96
2022-09-09,61.13
2022-09-10,63.28
2022-09-11,62.16
2022-09-12,61.38
2022-09-13,59.1
2022-09-14,60.18
2022-09-15,56.34
2022-09-16,55.95
2022-09-17,57.83
2022-09-18,52.63
2022-09-19,52.91
2022-09-20,52.3
2022-09-21,51.09
2022-09-22,53.57
2022-09-23,55.22
2022-09-24,53.43
2022-09-25,52.53
2022-09-26,53.44
2022-09-27,52.65
2022-09-28,53.29
2022-09-29,53.96
2022-09-30,53.48
2022-10-01,52.92
2022-10-02,51.82
2022-10-03,54.17
2022-10-04,55.28
2022-10-05,54.63
2022-10-06,53.53
2022-10-07,52.83
2022-10-08,52.79
2022-10-09,53.9
2022-10-10,52.63
2022-10-11,52.03
2022-10-12,52.23
2022-10-13,51.1
2022-10-14,51.31
2022-10-15,50.39
2022-10-16,51.43
2022-10-17,51.82
2022-10-18,51.86
2022-10-19,50.94
2022-10-20,51.22
2022-10-21,51.63
2022-10-22,52.18
2022-10-23,54.03
2022-10-24,52.54
2022-10-25,55.92
2022-10-26,56.39
2022-10-27,54.75
2022-10-28,54.92
2022-10-29,56.6
2022-10-30,55.35
2022-10-31,55.01
2022-11-01,55.1
2022-11-02,60.95
2022-11-03,61.84
2022-11-04,67.58
2022-11-05,69.23
2022-11-06,68.26
2022-11-07,67.42
2022-11-08,57.82
2022-11-09,50.68
2022-11-10,60.56
2022-11-11,61.49
2022-11-12,59.94
2022-11-13,57.37
2022-11-14,56.7
2022-11-15,58.01
2022-11-16,57.49
2022-11-17,62.59
2022-11-18,62.62
2022-11-19,63.98
2022-11-20,62.12
2022-11-21,61.31
2022-11-22,70.66
2022-11-23,79.02
2022-11-24,78.66
2022-11-25,74.1
2022-11-26,76.47
2022-11-27,74.92
2022-11-28,73.97
2022-11-29,75.8
2022-11-30,79.16
2022-12-01,77.57
2022-12-02,77.94
2022-12-03,76.47
2022-12-04,77.07
2022-12-05,80.19
2022-12-06,79.88
2022-12-07,76.89
2022-12-08,78.27
2022-12-09,76.31
2022-12-10,76.36
2022-12-11,76.5
2022-12-12,76.23
2022-12-13,77.39
2022-12-14,75.3
2022-12-15,72.42
2022-12-16,66.25
2022-12-17,64.89
2022-12-18,64.37
2022-12-19,63.37
2022-12-20,65.55
2022-12-21,65.4
2022-12-22,66.21
2022-12-23,65.75
2022-12-24,65.76
2022-12-25,69.15
2022-12-26,70.78
2022-12-27,68.67
2022-12-28,66.32
2022-12-29,66.66
2022-12-30,67.94
2022-12-31,70.14
2023-01-01,70.91
2023-01-02,74.74
2023-01-03,75.57
2023-01-04,75.46
2023-01-05,74.25
2023-01-06,75.91
2023-01-07,76.4
2023-01-08,78.68
2023-01-09,81.62
2023-01-10,80.83
2023-01-11,84.08
2023-01-12,86.09
2023-01-13,86.23
2023-01-14,87.84
2023-01-15,87.37
2023-01-16,85.91
2023-01-17,87.02
2023-01-18,82.62
2023-01-19,84.21
2023-01-20,90.28
2023-01-21,87.91
2023-01-22,87.58
2023-01-23,89.9
2023-01-24,87.19
2023-01-25,89.38
2023-01-26,87.52
2023-01-27,88.89
2023-01-28,89.67
2023-01-29,94.84
2023-01-30,91.37
2023-01-31,94.09
2023-02-01,100.33
2023-02-02,98.64
2023-02-03,99.86
2023-02-04,98.51
2023-02-05,96.63
2023-02-06,95.93
2023-02-07,100.86
2023-02-08,99.22
2023-02-09,92.05
2023-02-10,93.34
2023-02-11,94.28
2023-02-12,92.51
2023-02-13,91.05
2023-02-14,95.82
2023-02-15,102.82
2023-02-16,98.55
2023-02-17,100.12
2023-02-18,99.71
2023-02-19,97.43
2023-02-20,95.9
2023-02-21,93.8
2023-02-22,95.28
2023-02-23,94.59
2023-02-24,91.55
2023-02-25,93.15
2023-02-26,95.27
2023-02-27,94.07
2023-02-28,93.8
2023-03-01,97.78
2023-03-02,95.39
2023-03-03,90.56
2023-03-04,89.34
2023-03-05,89.93
2023-03-06,87.36
2023-03-07,86.29
2023-03-08,82.76
2023-03-09,76.68
2023-03-10,71.37
2023-03-11,69.21
2023-03-12,76.26
2023-03-13,81.46
2023-03-14,83.94
2023-03-15,76.43
2023-03-16,78.86
2023-03-17,85.51
2023-03-18,83.02
2023-03-19,83.98
2023-03-20,78.05
2023-03-21,82.48
2023-03-22,87.27
2023-03-23,93.61
2023-03-24,93.58
2023-03-25,91.5
2023-03-26,93.32
2023-03-27,89.23
2023-03-28,89.13
2023-03-29,91.31
2023-03-30,89.06
2023-03-31,89.57
2023-04-01,92.57
2023-04-02,92.77
2023-04-03,92.97
2023-04-04,92.58
2023-04-05,92.64
2023-04-06,90.97
2023-04-07,90.6
2023-04-08,89.91
2023-04-09,90.58
2023-04-10,93.78
2023-04-11,94.22
2023-04-12,92.06
2023-04-13,94.17
2023-04-14,96.33
2023-04-15,96.68
2023-04-16,100.01
2023-04-17,98.84
2023-04-18,101.95
2023-04-19,90.47
2023-04-20,90.22
2023-04-21,85.32
2023-04-22,87.0
2023-04-23,86.75
2023-04-24,88.31
2023-04-25,91.03
2023-04-26,88.13
2023-04-27,89.73
2023-04-28,89.63
2023-04-29,91.08
2023-04-30,88.22
2023-05-01,86.75
2023-05-02,88.2
2023-05-03,88.88
2023-05-04,88.38
2023-05-05,88.61
2023-05-06,83.26
2023-05-07,83.42
2023-05-08,77.71
2023-05-09,79.9
2023-05-10,80.93
2023-05-11,80.88
2023-05-12,80.45
2023-05-13,80.26
2023-05-14,83.5
2023-05-15,86.89
2023-05-16,89.99
2023-05-17,93.88
2023-05-18,90.43
2023-05-19,91.8
2023-05-20,92.42
2023-05-21,92.18
2023-05-22,90.83
2023-05-23,91.7
2023-05-24,85.82
2023-05-25,86.57
2023-05-26,87.08
2023-05-27,88.55
2023-05-28,91.45
2023-05-29,90.86
2023-05-30,92.25
2023-05-31,90.42
2023-06-01,94.19
2023-06-02,95.45
2023-06-03,96.03
2023-06-04,94.19
2023-06-05,87.71
2023-06-06,90.92
2023-06-07,88.85
2023-06-08,88.5
2023-06-09,89.3
2023-06-10,77.13
2023-06-11,77.68
2023-06-12,77.5
2023-06-13,77.5
2023-06-14,73.15
2023-06-15,74.6
2023-06-16,76.13
2023-06-17,76.86
2023-06-18,77.19
2023-06-19,77.48
2023-06-20,80.33
2023-06-21,85.05
2023-06-22,85.93
2023-06-23,91.26
2023-06-24,89.71
2023-06-25,88.2
2023-06-26,87.21
2023-06-27,88.07
2023-06-28,83.02
2023-06-29,84.73
2023-06-30,108.7
2023-07-01,107.1
2023-07-02,113.58
2023-07-03,107.27
2023-07-04,104.27
2023-07-05,102.6
2023-07-06,95.25
2023-07-07,98.23
2023-07-08,97.79
2023-07-09,95.08
2023-07-10,96.72
2023-07-11,96.77
2023-07-12,96.21
2023-07-13,101.85
2023-07-14,95.13
2023-07-15,94.78
2023-07-16,92.89
2023-07-17,92.2
2023-07-18,91.56
2023-07-19,91.99
2023-07-20,92.37
2023-07-21,94.09
2023-07-22,92.09
2023-07-23,93.16
2023-07-24,89.14
2023-07-25,89.45
2023-07-26,90.64
2023-07-27,90.6
2023-07-28,91.44
2023-07-29,94.32
2023-07-30,94.03
2023-07-31,92.28
2023-08-01,93.94
2023-08-02,87.54
2023-08-03,82.55
2023-08-04,82.2
2023-08-05,83.12
2023-08-06,82.57
2023-08-07,82.49
2023-08-08,83.86
2023-08-09,84.08
2023-08-10,83.14
2023-08-11,83.58
2023-08-12,83.47
2023-08-13,81.92
2023-08-14,82.11
2023-08-15,79.26
2023-08-16,74.56
2023-08-17,64.77
2023-08-18,63.98
2023-08-19,64.18
2023-08-20,65.25
2023-08-21,67.0
2023-08-22,64.83
2023-08-23,65.64
2023-08-24,64.88
2023-08-25,65.13
2023-08-26,65.01
2023-08-27,65.39
2023-08-28,65.52
2023-08-29,68.86
2023-08-30,67.65
2023-08-31,63.89
2023-09-01,62.98
2023-09-02,64.59
2023-09-03,63.93
2023-09-04,63.75
2023-09-05,63.15
2023-09-06,62.87
2023-09-07,63.71
2023-09-08,62.61
2023-09-09,63.06
2023-09-10,61.11
2023-09-11,58.85
2023-09-12,59.96
2023-09-13,61.98
2023-09-14,62.83
2023-09-15,65.89
2023-09-16,65.38
2023-09-17,63.55
2023-09-18,65.89
2023-09-19,67.28
2023-09-20,64.55
2023-09-21,64.69
2023-09-22,64.37
2023-09-23,65.07
2023-09-24,63.58
2023-09-25,64.33
2023-09-26,63.8
2023-09-27,63.53
2023-09-28,65.21
2023-09-29,65.55
2023-09-30,65.97
2023-10-01,68.19
2023-10-02,65.97
2023-10-03,65.5
2023-10-04,64.4
2023-10-05,64.8
2023-10-06,65.5
2023-10-07,65.45
2023-10-08,65.34
2023-10-09,63.07
2023-10-10,63.61
2023-10-11,61.55
2023-10-12,61.12
2023-10-13,61.58
2023-10-14,61.62
2023-10-15,61.63
2023-10-16,63.19
2023-10-17,62.07
2023-10-18,60.23
2023-10-19,61.78
2023-10-20,63.38
2023-10-21,64.75
2023-10-22,65.26
2023-10-23,69.02
2023-10-24,69.15
2023-10-25,68.71
2023-10-26,68.76
2023-10-27,66.99
2023-10-28,67.73
2023-10-29,68.79
2023-10-30,69.21
2023-10-31,68.89
2023-11-01,69.97
2023-11-02,69.43
2023-11-03,69.45
2023-11-04,70.41
2023-11-05,71.6
2023-11-06,74.46
2023-11-07,73.41
2023-11-08,73.07
2023-11-09,73.83
2023-11-10,73.28
2023-11-11,75.26
2023-11-12,74.88
2023-11-13,71.1
2023-11-14,70.61
2023-11-15,74.03
2023-11-16,70.97
2023-11-17,70.29
2023-11-18,69.86
2023-11-19,70.54
2023-11-20,69.51
2023-11-21,66.15
2023-11-22,68.7
2023-11-23,69.51
2023-11-24,70.73
2023-11-25,71.87
2023-11-26,70.03
2023-11-27,69.22
2023-11-28,69.77
2023-11-29,70.0
2023-11-30,69.42
2023-12-01,71.57
2023-12-02,72.2
2023-12-03,72.31
2023-12-04,72.93
2023-12-05,74.34
2023-12-06,72.41
2023-12-07,74.02
2023-12-08,78.5
2023-12-09,76.32
2023-12-10,77.18
2023-12-11,72.67
2023-12-12,72.37
2023-12-13,73.12
2023-12-14,72.93
2023-12-15,70.93
2023-12-16,72.19
2023-12-17,71.18
2023-12-18,70.85
2023-12-19,70.73
2023-12-20,69.83
2023-12-21,70.93
2023-12-22,73.58
2023-12-23,72.45
2023-12-24,71.12
2023-12-25,72.22
2023-12-26,73.24
2023-12-27,75.98
2023-12-28,76.51
2023-12-29,73.25
2023-12-30,73.22
2023-12-31,72.83
2024-01-01,74.72
2024-01-02,72.97
2024-01-03,65.24
2024-01-04,66.41
2024-01-05,66.0
2024-01-06,65.64
2024-01-07,64.27
2024-01-08,67.73
2024-01-09,66.99
2024-01-10,70.1
2024-01-11,71.88
2024-01-12,72.97
2024-01-13,71.98
2024-01-14,69.78
2024-01-15,69.13
2024-01-16,69.44
2024-01-17,69.46
2024-01-18,68.11
2024-01-19,71.29
2024-01-20,71.36
2024-01-21,71.75
2024-01-22,67.36
2024-01-23,65.5
2024-01-24,66.13
2024-01-25,65.5
2024-01-26,67.05
2024-01-27,68.06
2024-01-28,68.35
2024-01-29,68.43
2024-01-30,67.47
2024-01-31,66.76
2024-02-01,67.54
2024-02-02,68.05
2024-02-03,68.81
2024-02-04,66.94
2024-02-05,67.7
2024-02-06,68.29
2024-02-07,68.62
2024-02-08,70.53
2024-02-09,70.64
2024-02-10,70.8
2024-02-11,71.55
2024-02-12,72.82
2024-02-13,68.97
2024-02-14,69.81
2024-02-15,69.76
2024-02-16,70.59
2024-02-17,69.97
2024-02-18,70.8
2024-02-19,71.3
2024-02-20,69.65
2024-02-21,68.9
2024-02-22,68.8
2024-02-23,68.8
2024-02-24,70.41
2024-02-25,70.16
2024-02-26,71.93
2024-02-27,73.97
2024-02-28,74.48
2024-02-29,79.92
2024-03-01,84.87
2024-03-02,94.49
2024-03-03,90.7
2024-03-04,88.95
2024-03-05,81.93
2024-03-06,85.87
2024-03-07,88.0
2024-03-08,88.32
2024-03-09,90.67
2024-03-10,87.43
2024-03-11,103.86
2024-03-12,97.52
2024-03-13,97.24
2024-03-14,94.08
2024-03-15,89.75
2024-03-16,84.12
2024-03-17,85.93
2024-03-18,86.77
2024-03-19,78.45
2024-03-20,84.65
2024-03-21,85.75
2024-03-22,83.4
2024-03-23,85.26
2024-03-24,89.65
2024-03-25,90.58
2024-03-26,95.77
2024-03-27,93.55
2024-03-28,94.11
2024-03-29,109.06
2024-03-30,102.84
2024-03-31,105.01
2024-04-01,99.2
2024-04-02,106.75
2024-04-03,98.33
2024-04-04,98.38
2024-04-05,97.82
2024-04-06,101.6
2024-04-07,101.21
2024-04-08,103.27
2024-04-09,97.53
2024-04-10,96.71
2024-04-11,98.78
2024-04-12,86.08
2024-04-13,77.33
2024-04-14,79.72
2024-04-15,78.1
2024-04-16,79.94
2024-04-17,80.19
2024-04-18,80.75
2024-04-19,80.87
2024-04-20,85.04
2024-04-21,84.16
2024-04-22,85.39
2024-04-23,85.02
2024-04-24,83.25
2024-04-25,83.78
2024-04-26,88.1
2024-04-27,83.88
2024-04-28,83.99
2024-04-29,83.51
2024-04-30,79.49
2024-05-01,80.17
2024-05-02,80.02
2024-05-03,81.85
2024-05-04,81.66
2024-05-05,81.32
2024-05-06,80.79
2024-05-07,80.84
2024-05-08,81.7
2024-05-09,83.08
2024-05-10,80.22
2024-05-11,81.39
2024-05-12,81.41
2024-05-13,80.62
2024-05-14,78.79
2024-05-15,82.45
2024-05-16,82.43
2024-05-17,84.14
2024-05-18,83.84
2024-05-19,82.4
2024-05-20,88.64
2024-05-21,88.26
2024-05-22,85.78
2024-05-23,85.45
2024-05-24,85.0
2024-05-25,84.98
2024-05-26,83.9
2024-05-27,85.24
2024-05-28,83.44
2024-05-29,83.59
2024-05-30,84.42
2024-05-31,83.21
2024-06-01,83.48
2024-06-02,83.11
2024-06-03,82.82
2024-06-04,83.65
2024-06-05,85.44
2024-06-06,84.19
2024-06-07,80.13
2024-06-08,79.97
2024-06-09,80.49
2024-06-10,79.66
2024-06-11,77.32
2024-06-12,78.5
2024-06-13,79.15
2024-06-14,77.61
2024-06-15,79.23
2024-06-16,78.98
2024-06-17,76.59
2024-06-18,72.66
2024-06-19,73.77
2024-06-20,74.69
2024-06-21,74.17
2024-06-22,74.61
2024-06-23,73.37
2024-06-24,69.68
2024-06-25,71.35
2024-06-26,71.02
2024-06-27,73.28
2024-06-28,72.9
2024-06-29,74.95
2024-06-30,75.31
2024-07-01,74.38
2024-07-02,76.04
2024-07-03,72.08
2024-07-04,65.42
2024-07-05,61.85
2024-07-06,65.39
2024-07-07,62.05
2024-07-08,64.92
2024-07-09,65.3
2024-07-10,66.96
2024-07-11,67.36
2024-07-12,69.25
2024-07-13,69.82
2024-07-14,69.92
2024-07-15,72.29
2024-07-16,73.21
2024-07-17,71.38
2024-07-18,71.63
2024-07-19,73.4
2024-07-20,73.03
2024-07-21,73.98
2024-07-22,71.26
2024-07-23,72.92
2024-07-24,71.29
2024-07-25,68.79
2024-07-26,71.31
2024-07-27,71.32
2024-07-28,71.07
2024-07-29,73.69
2024-07-30,71.69
2024-07-31,70.14
2024-08-01,69.59
2024-08-02,65.06
2024-08-03,64.65
2024-08-04,62.46
2024-08-05,56.08
2024-08-06,58.25
2024-08-07,55.99
2024-08-08,61.16
2024-08-09,60.72
2024-08-10,61.16
2024-08-11,59.73
2024-08-12,61.5
2024-08-13,63.44
2024-08-14,64.06
2024-08-15,65.33
2024-08-16,66.49
2024-08-17,67.59
2024-08-18,66.33
2024-08-19,66.32
2024-08-20,64.41
2024-08-21,64.27
2024-08-22,63.77
2024-08-23,66.1
2024-08-24,66.57
2024-08-25,64.82
2024-08-26,63.01
2024-08-27,60.38
2024-08-28,61.82
2024-08-29,62.47
2024-08-30,64.94
2024-08-31,64.97
2024-09-01,63.59
2024-09-02,65.33
2024-09-03,64.36
2024-09-04,65.42
2024-09-05,66.08
2024-09-06,63.05
2024-09-07,62.07
2024-09-08,60.95
2024-09-09,61.42
2024-09-10,61.51
2024-09-11,62.19
2024-09-12,62.84
2024-09-13,64.91
2024-09-14,65.91
2024-09-15,63.24
2024-09-16,62.62
2024-09-17,63.77
2024-09-18,64.84
2024-09-19,65.4
2024-09-20,65.33
2024-09-21,66.84
2024-09-22,68.68
2024-09-23,66.96
2024-09-24,66.7
2024-09-25,66.55
2024-09-26,68.54
2024-09-27,71.13
2024-09-28,69.95
2024-09-29,69.27
2024-09-30,66.82
2024-10-01,63.41
2024-10-02,62.95
2024-10-03,63.44
2024-10-04,64.95
2024-10-05,66.29
2024-10-06,67.02
2024-10-07,64.77
2024-10-08,65.69
2024-10-09,64.59
2024-10-10,64.32
2024-10-11,65.58
2024-10-12,66.19
2024-10-13,64.8
2024-10-14,66.83
2024-10-15,70.87
2024-10-16,70.08
2024-10-17,72.8
2024-10-18,73.11
2024-10-19,74.9
2024-10-20,74.3
2024-10-21,70.77
2024-10-22,70.04
2024-10-23,70.04
2024-10-24,71.18
2024-10-25,68.84
2024-10-26,68.47
2024-10-27,71.06
2024-10-28,70.8
2024-10-29,73.98
2024-10-30,71.76
2024-10-31,69.33
2024-11-01,70.27
2024-11-02,69.2
2024-11-03,66.86
2024-11-04,65.56
2024-11-05,65.39
2024-11-06,71.01
2024-11-07,71.45
2024-11-08,72.78
2024-11-09,73.98
2024-11-10,76.58
2024-11-11,80.03
2024-11-12,76.69
2024-11-13,75.39
2024-11-14,82.38
2024-11-15,83.7
2024-11-16,95.42
2024-11-17,87.2
2024-11-18,89.22
2024-11-19,86.68
2024-11-20,83.38
2024-11-21,89.51
2024-11-22,92.2
2024-11-23,99.5
2024-11-24,96.92
2024-11-25,92.26
2024-11-26,92.82
2024-11-27,97.23
2024-11-28,95.54
2024-11-29,104.77
2024-11-30,102.74
2024-12-01,119.55
2024-12-02,132.93
2024-12-03,130.89
2024-12-04,133.69
2024-12-05,135.78
2024-12-06,135.93
2024-12-07,133.79
2024-12-08,134.91
2024-12-09,110.44
2024-12-10,109.8
2024-12-11,117.3
2024-12-12,119.24
2024-12-13,124.52
2024-12-14,118.21
2024-12-15,121.11
2024-12-16,117.99
2024-12-17,125.63
2024-12-18,108.35
2024-12-19,99.36
2024-12-20,101.38
2024-12-21,101.56
2024-12-22,99.78
2024-12-23,106.77
2024-12-24,108.35
2024-12-25,109.82
2024-12-26,102.23
2024-12-27,100.58
2024-12-28,100.74
2024-12-29,98.51
2024-12-30,99.4
2024-12-31,103.28
2025-01-01,105.24
2025-01-02,105.14
2025-01-03,112.71
2025-01-04,111.21
2025-01-05,115.72
2025-01-06,114.01
2025-01-07,102.72
2025-01-08,101.43
2025-01-09,102.23
2025-01-10,103.96
2025-01-11,104.39
2025-01-12,102.34
2025-01-13,98.37
2025-01-14,102.45
2025-01-15,116.96
2025-01-16,124.41
2025-01-17,137.04
2025-01-18,125.4
2025-01-19,115.57
2025-01-20,118.58
2025-01-21,119.11
2025-01-22,115.38
2025-01-23,116.42
2025-01-24,118.71
2025-01-25,123.92
2025-01-26,117.11
2025-01-27,115.06
2025-01-28,109.92
2025-01-29,115.9
2025-01-30,130.15
2025-01-31,128.09
2025-02-01,118.04
2025-02-02,109.12
2025-02-03,106.91
2025-02-04,101.07
2025-02-05,103.38
2025-02-06,101.66
2025-02-07,103.11
2025-02-08,104.69
2025-02-09,107.2
2025-02-10,120.21
2025-02-11,119.27
2025-02-12,122.04
2025-02-13,126.61
2025-02-14,124.91
2025-02-15,133.86
2025-02-16,125.71
2025-02-17,122.31
2025-02-18,129.75
2025-02-19,134.88
2025-02-20,130.82
2025-02-21,128.1
2025-02-22,125.9
2025-02-23,129.85
2025-02-24,114.77
2025-02-25,114.55
2025-02-26,124.68
2025-02-27,126.86
2025-02-28,128.04
2025-03-01,124.31
2025-03-02,127.89
2025-03-03,109.89
2025-03-04,103.66
2025-03-05,104.73
2025-03-06,103.39
2025-03-07,103.71
2025-03-08,102.34
2025-03-09,94.62
2025-03-10,87.48
2025-03-11,90.46
2025-03-12,91.51
2025-03-13,88.08
2025-03-14,91.31
2025-03-15,92.47
2025-03-16,90.22
2025-03-17,92.3
2025-03-18,90.03
2025-03-19,94.09
2025-03-20,93.29
2025-03-21,90.84
2025-03-22,91.37
2025-03-23,91.48
2025-03-24,93.77
2025-03-25,94.36
2025-03-26,92.42
2025-03-27,92.79
2025-03-28,87.35
2025-03-29,85.46
2025-03-30,86.1
2025-03-31,82.97
2025-04-01,84.48
2025-04-02,81.54
2025-04-03,83.45
2025-04-04,84.41
2025-04-05,82.67
2025-04-06,70.62
2025-04-07,70.99
2025-04-08,69.15
2025-04-09,76.03
2025-04-10,73.81
2025-04-11,76.19
2025-04-12,78.62
2025-04-13,77.85
2025-04-14,77.18
2025-04-15,75.27
2025-04-16,74.33
2025-04-17,74.95
2025-04-18,76.0
2025-04-19,76.1
2025-04-20,77.79
2025-04-21,78.15
2025-04-22,83.49
2025-04-23,83.28
2025-04-24,84.29
2025-04-25,86.28
2025-04-26,87.06
2025-04-27,85.39
2025-04-28,85.67
2025-04-29,85.57
2025-04-30,83.51
2025-05-01,88.85
2025-05-02,87.97
2025-05-03,86.55
2025-05-04,85.05
2025-05-05,83.25
2025-05-06,91.6
2025-05-07,89.53
2025-05-08,94.99
2025-05-09,100.52
2025-05-10,105.27
2025-05-11,100.12
2025-05-12,103.84
2025-05-13,103.41
2025-05-14,100.95
2025-05-15,99.26
2025-05-16,99.48
2025-05-17,96.06
2025-05-18,100.94
2025-05-19,98.25
2025-05-20,94.46
2025-05-21,97.09
2025-05-22,100.26
2025-05-23,95.26
2025-05-24,95.63
2025-05-25,95.6
2025-05-26,95.02
2025-05-27,95.9
2025-05-28,95.37
2025-05-29,93.21
2025-05-30,85.64
2025-05-31,87.03
2025-06-01,88.39
2025-06-02,89.52
2025-06-03,89.5
2025-06-04,87.99
2025-06-05,83.58
2025-06-06,87.25
2025-06-07,88.31
2025-06-08,87.18
2025-06-09,90.73
2025-06-10,93.33
2025-06-11,91.56
2025-06-12,86.13
2025-06-13,86.55
2025-06-14,85.18
2025-06-15,86.3
2025-06-16,86.67
2025-06-17,84.22
2025-06-18,85.08
2025-06-19,85.11
2025-06-20,82.91
2025-06-21,80.23
2025-06-22,80.21
2025-06-23,84.91
2025-06-24,84.84
2025-06-25,84.67
2025-06-26,84.27
2025-06-27,84.83
2025-06-28,86.31
2025-06-29,87.96
2025-06-30,86.0
2025-07-01,83.22
2025-07-02,87.32
2025-07-03,89.08
2025-07-04,86.84
2025-07-05,87.55
2025-07-06,87.35
2025-07-07,86.05
2025-07-08,87.75
2025-07-09,90.61
2025-07-10,94.85
2025-07-11,94.26
2025-07-12,92.77
2025-07-13,94.62
2025-07-14,95.64
2025-07-15,96.35
2025-07-16,97.47
2025-07-17,101.6
2025-07-18,101.73
2025-07-19,113.16
2025-07-20,116.59
2025-07-21,115.43
2025-07-22,119.65
2025-07-23,112.05
2025-07-24,112.26
2025-07-25,113.78
2025-07-26,113.91
2025-07-27,114.78
2025-07-28,109.02
2025-07-29,108.52
2025-07-30,110.5
2025-07-31,106.09
2025-08-01,106.59
2025-08-02,106.09
2025-08-03,110.39
2025-08-04,121.22
2025-08-05,120.27
2025-08-06,119.22
2025-08-07,122.89
2025-08-08,123.78
2025-08-09,120.18
2025-08-10,123.75
2025-08-11,120.05
2025-08-12,130.46
2025-08-13,130.91
2025-08-14,121.29
2025-08-15,119.14
2025-08-16,121.05
2025-08-17,120.71
2025-08-18,117.77
2025-08-19,112.67
2025-08-20,116.06
2025-08-21,114.76
2025-08-22,122.96
2025-08-23,121.45
2025-08-24,118.19
2025-08-25,109.13
2025-08-26,113.48
2025-08-27,112.18
2025-08-28,113.64
2025-08-29,109.91
2025-08-30,110.84
2025-08-31,108.89
2025-09-01,108.73
2025-09-02,111.76
2025-09-03,112.98
2025-09-04,111.05
2025-09-05,112.05
2025-09-06,112.13
2025-09-07,114.9
2025-09-08,112.75
2025-09-09,111.92
2025-09-10,117.66
2025-09-11,115.83
2025-09-12,118.03
2025-09-13,119.22
2025-09-14,115.1
2025-09-15,113.72
2025-09-16,115.03
2025-09-17,117.0
2025-09-18,118.19
2025-09-19,114.04
2025-09-20,113.92
2025-09-21,114.0
2025-09-22,105.65
2025-09-23,106.07
2025-09-24,105.52
2025-09-25,102.28
2025-09-26,104.55
2025-09-27,104.46
2025-09-28,106.88
2025-09-29,106.76
2025-09-30,106.88
2025-10-01,115.1
2025-10-02,119.54
2025-10-03,120.56
2025-10-04,120.51
2025-10-05,118.85
2025-10-06,118.32
2025-10-07,116.91
2025-10-08,118.6
2025-10-09,125.9
2025-10-10,96.88
2025-10-11,93.34
2025-10-12,98.98
2025-10-13,99.45
2025-10-14,97.33
2025-10-15,95.5
2025-10-16,91.79
2025-10-17,90.12
2025-10-18,91.69
2025-10-19,93.33
2025-10-20,94.01
2025-10-21,92.46
2025-10-22,91.88
2025-10-23,94.04
2025-10-24,96.45
2025-10-25,96.97
2025-10-26,100.02
2025-10-27,99.39
2025-10-28,96.65
2025-10-29,98.53
2025-10-30,93.39
2025-10-31,95.38
2025-11-01,101.38
2025-11-02,99.42
2025-11-03,87.43
2025-11-04,85.21
2025-11-05,89.39
2025-11-06,87.0
2025-11-07,101.87
2025-11-08,106.95
2025-11-09,110.31
2025-11-10,104.25
